<?xml version="1.0" encoding="UTF-8"?>
<beans xmlns="http://www.springframework.org/schema/beans"
       xmlns:xsi="http://www.w3.org/2001/XMLSchema-instance" xmlns:mvc="http://www.springframework.org/schema/mvc"
       xmlns:context="http://www.springframework.org/schema/context"
       xsi:schemaLocation="http://www.springframework.org/schema/beans http://www.springframework.org/schema/beans/spring-beans.xsd http://www.springframework.org/schema/mvc http://www.springframework.org/schema/mvc/spring-mvc.xsd http://www.springframework.org/schema/context http://www.springframework.org/schema/context/spring-context.xsd">


    <context:component-scan base-package="com.em248.controller" use-default-filters="false">
        <context:include-filter type="annotation"
                                expression="org.springframework.stereotype.Controller" />
        <!-- 使控制器获得spring-MVC的参数接收方法，使controller可以获得spring的接受参数的方法，并且具有捕获异常的能力 -->
        <context:include-filter type="annotation"
                                expression="org.springframework.web.bind.annotation.ControllerAdvice" />
    </context:component-scan>


    <mvc:annotation-driven/>



    <!-- 配置ViewResolver -->
    <bean
            class="org.springframework.web.servlet.view.InternalResourceViewResolver">
        <property name="viewClass"
                  value="org.springframework.web.servlet.view.JstlView" />
        <property name="prefix" value="/WEB-INF/" />
        <property name="suffix" value=".jsp" />
    </bean>

    <!-- 访问dispatcherServlet,访问不到，就访问静态资源 -->
    <mvc:default-servlet-handler />
</beans>